Supplier name 1,Supplier name 2,Similarity score
EHI GMBH,EQ GMBH,80
COMSPORT,SPORT ECO,82
"INTEGRA COMUNICACION GLOBAL, S.L.",INTEGRA COMUNICACION GLOBAL S.L,100
SIEMENS COMMUNICATIONS LTD,SPIN COMMUNICATIONS LTD,90
SIEMENS COMMUNICATIONS LTD,"SPIN COMUNICATIONS, LTD",88
SIEMENS COMMUNICATIONS LTD,M-R-S COMMUNICATIONS LTD,84
A & S SPORTS MARKETING,JB SPORTS MARKETING AG,86
AMERICAN CHAMBER OF COMMERCE,AMERICAN CHAMBER OF COMMERCE/EUROPE,89
POULIS HONTELE BV,POULIS HONTELE,90
INTO LIGHTING DESIGN LIMITED,INTO LIGHTING DESIGN,83
EXHIBITS INTERNATIONAL B.V.,EXHIBITS INTERNATIONAL,92
"GOMEZ, ACEBO AND POMBO",GOMEZ-ACEBO AND POMBO,100
"GOMEZ, ACEBO AND POMBO",GOMEZ ACEBO & POMBO,89
"GOMEZ, ACEBO AND POMBO","GOMEZ, ACEBO & POMBO C.B.",86
CHRIS KAY INTERNATIONAL,CVS INTERNATIONAL,80
SNOW & ROCK,SNOW + ROCK,100
"ARTIVIDRIO, S.A.","ARTIVIDRIO,S.A.",100
FIT MEDIA,FM MEDIA,82
LPT PRODUCTIONS,FLEVO PRODUCTIONS,81
DUTCH HOUSING CENTR,DUTCH HOUSING CENTRE BV,90
DUTCH HOUSING CENTR,DUTCH HOUSING CENTRE B.V.,88
EL INTERNATIONALE,INTERNATIONAL HOTEL,89
EL INTERNATIONALE,ART INTERNATIONAL,82
EL INTERNATIONALE,CVS INTERNATIONAL,82
EL INTERNATIONALE,REX INTERNATIONAL BV,81
INTERTEK TESTING SERVICES,ITS INTERTEK TESTING SERVICES,93
"GOMEZ-ACEBO & POMBO, ABOGADOS, S.C.","GOMEZ-ACEBO & POMBO ABOGADOS, S.C.P",97
"GOMEZ-ACEBO & POMBO, ABOGADOS, S.C.",GOMEZ ACEBO ABOGADOS,80
HDC ASSOCIATES,HODSON ASSOCIATES,84
HDC ASSOCIATES,VIDAL ASSOCIATES,80
SUN PARKS INTERNATIONAL,INTERNATIONAL PAPER,81
BOAT & COMPANY,BEST COMPANY,83
AMZ GMBH,BAZ GMBH,88
LEGGETT FREIGHTWAYS (EUROPEAN),LEGGETT FREIGHTWAYS (EUR) LTD,84
PNO PRINTING,PRINTING PEOPLE,81
360 COMMUNICATIONS,MDS COMMUNICATION,80
HAUFE SERVICE CENTER GMBH,HAUFE SERVICE GMBH,84
CLIFFORD CHANCE LTD.,CLIFFORD CHANCE,88
CLIFFORD CHANCE LTD.,CLIFFORD CHANCE PÜNDER,85
CHRIS KAY LTD,CHRIS KAY LIMITED,87
CHRIS KAY LTD,CHRIS KAY,82
JTC ASSOCIATES LIMITED,PTR ASSOCIATES LIMITED,82
ARTILLUS ILLUMINATING SOLUTIONS,ARTILLUS ILLUMINATING SOLUTIONS LTD,94
EUROPEAN COMMUNICATION PROJECTS,EUROPEAN COMMUNICATION PROJECTS BV,95
BINDA ITALIA S.P.A.,BAUER ITALIA S.P.A.,83
MEDIA VISION,MEDIA MISSION,88
SENSORMATIC,ADT-SENSOMATIC,80
JOHN HARRIS,HARRISON & JOHNSON,81
FEDERAL EXPRESS,FEDERAL EXPRESS GMBH,86
FEDERAL EXPRESS,FEDEX FEDERAL EXPRESS,83
"EGELSHOEK BUNGALOWPARK, DE",BUNGALOWPARK DE EGELSHOEK BV,94
"WHITE, CASE & FEDDERSEN","WHITE AND CASE, FEDDERSEN",91
FLEVO PRODUCTIONS,LPT PRODUCTIONS,81
STORM DESIGN LIMITED,TANGO DESIGN LIMITED,85
STORM DESIGN LIMITED,SUPER DESIGN LIMITED,85
QTAC SOLUTIONS LIMITED,IF SOLUTIONS LIMITED,81
QTAC SOLUTIONS LIMITED,NIRVANA SOLUTIONS LIMITED,81
1001 SECURITY SYSTEMS,KEY SECURITY SYSTEMS,83
O2 UK LIMITED,METO UK LIMITED,86
O2 UK LIMITED,SEIKO UK LIMITED,83
O2 UK LIMITED,TWI-UK LIMITED,81
O2 UK LIMITED,TNT UK LIMITED,81
SEIKO UK LIMITED,METO UK LIMITED,84
SEIKO UK LIMITED,O2 UK LIMITED,83
SEIKO UK LIMITED,TWI-UK LIMITED,80
BTI FRANCE,AIR FRANCE,80
CLIFFORD CHANCE PÜNDER,CLIFFORD CHANGE PUENDER,91
CLIFFORD CHANCE PÜNDER,CLIFFORD CHANCE LTD.,85
CLIFFORD CHANCE PÜNDER,CLIFFORD CHANCE,83
KYMACK COMMUNICATIONS,M T COMMUNICATIONS,82
"CARITJ PRAT GRUP, S.L.I.R.M.","CARITJ PRAT GRUP, S.L.",87
SCHILLEBEEKX NV,SCHILLEBEECKX A BVBA,80
MSM TRANSPORTS,MG TRANSPORTS,89
FUSE MARKETING LIMITED,KAROL MARKETING LIMITED,80
TONGE INTERNATIONAL,TNT INTERNATIONAL            D,84
TONGE INTERNATIONAL,ORB INTERNATIONAL,83
TONGE INTERNATIONAL,NOVA INTERNATIONAL,81
TONGE INTERNATIONAL,MODELLE INTERNATIONAL,80
MANPOWER PLC,MANPOWER,80
CED COMMUNICATION EVENTS DESIGN,CED COMMUNICATION EVENTS DESIGN SRL,94
UNITED PARCEL SERVICE BELGIUM NV,UNITED PARCEL SERVICE ITALIA,80
PURE COMMUNICATIONS,DRURY COMMUNICATIONS,87
PURE COMMUNICATIONS,SPIE COMMUNICATION,86
PURE COMMUNICATIONS,M T COMMUNICATIONS,81
CONDI-SERVICES,ECOM SERVICES NV,80
NANI'S CATERERS,NANI'S CATERING,80
LEGGETT FREIGHTWAYS (EUR) LTD,LEGGETT FREIGHTWAYS (EUROPEAN),84
CENTRO AUTOMOBILE GMBH,HAHN AUTOMOBILE GMBH & CO.,80
HOPAN GMBH,HOFMANN GMBH,82
WEIL GOTSHAL AND MANGES,"WEIL, GOTSHAL & MANGES",90
STUDIO 5,AU STUDIO,82
SOFTWARE SPECTRUM NETHERLANDS,SOFTWARE SPECTRUM EUROPEAN,80
ENTERPRISE AUTOVERMIETUNG,ENTERPRISE AUTOVERMIETUNG GMBH,91
ENTERPRISE AUTOVERMIETUNG,ENTERPRISE AUTOVERMIETUNG - BERLIN,88
ENTERPRISE AUTOVERMIETUNG,ENTERPRISE AUTOVERMIETUNG - HAMBURG,86
"ROTULOS AYLLON,S.A.",ROTULOS AYLLON S.A.,100
CEP ORGANISATION,COMITE D'ORGANISATION,81
CEP ORGANISATION,DTH ORGANISATION,81
UNITED PARCEL SERVICE ITALIA,UNITED PARCEL SERVICE,86
UNITED PARCEL SERVICE ITALIA,UNITED PARCEL SERVICE BELGIUM NV,80
SYMONDS GROUP LTD,SYMONDS GROUP LIMITED,89
KOLCIAN SOLC BALASTIK,KOCIAN SOLC BALASTIK,98
GBC (UNITED KINGDON) LTD,CPM UNITED KINGDOM UK LTD,81
INS TRONIC,INSTRON,82
PSB GMBH,MPS GMBH,88
HAYS PERSONNEL,APTUS PERSONNEL,83
SPENCE ASSOCIATES,SPENCE & ASSOCIATES,100
DE BORRIAS GROEP,"BORRIAS GROUP, DE",94
NPOWER LIMITED,POINTER LIMITED,83
NPOWER LIMITED,NCR LIMITED,80
"GETRONICS ESPAÑA SOLUTIONS,S.L.",GETRONICS ESPANA SOLUTIONS,91
METRO HOLLAND B.V.,TWI HOLLAND B.V.,81
DATACOLOR INTERNATIONAL,ADATO INTERNATIONAL,86
DATACOLOR INTERNATIONAL,ART INTERNATIONAL,80
GETRONICS ESPANA SOLUTIONS,"GETRONICS ESPAÑA SOLUTIONS,S.L.",91
METRO SPORT,SPORT ECO,80
METRO SPORT,EUROSPORT,80
"INSTRONIC 2000,S.L","INSTRONIC 2000, S.L.",100
TORAY INTERNATIONAL INC.,ORB INTERNATIONAL,80
ADT FIRE AND SECURITY PLC,ADT FIRE & SECURITY,81
IBM BELGIUM NV,IFMA BELGIUM VZW,80
IBM BELGIUM NV,INAPA BELGIUM NV,80
TWI HOLLAND B.V.,METRO HOLLAND B.V.,81
IFMA BELGIUM VZW,IBM BELGIUM NV,80
HAMMERSON MANAGEMENT SERVICES,EMERSON MANAGEMENT SERVICES,93
MARITIM HOTEL,MARRIOTT HOTEL,81
MARITIM HOTEL,MARITIM HOTEL KOELN,81
SRS SOFTWARE GMBH,SOFTWARE SPECTRUM GMBH,82
VITEC GMBH,PRINTEC GMBH,82
VITEC GMBH,MATEC GMBH,80
EMERSON MANAGEMENT SERVICES,HAMMERSON MANAGEMENT SERVICES,93
EMERSON MANAGEMENT SERVICES,FX MANAGEMENT SERVICES,82
BUPA INTERNATIONAL,ART INTERNATIONAL,86
BUPA INTERNATIONAL,CHIPMAN INTERNATIONAL,82
BUPA INTERNATIONAL,ADATO INTERNATIONAL,81
BUPA INTERNATIONAL,CARMA INTERNATIONAL,81
IKEA ITALIA RETAIL S.R.L.,IKEA ITALIA RETAIL SRL,87
STUDIO LEGALE MONDINI RUSCONI,STUDIO LEGALE MONDINI-RUSCONI ASS.P,91
LBM - LUTZ BONGEN GMBH,LUTZ BONGEN GMBH,89
HAAGEN PARTNERS,HAAGEN & PARTNERS,100
CPM ITALIA SRL,COMPASS ITALIA SRL,81
CPM ITALIA SRL,CPM ITALIA S.R.L.,80
FEDERAL EXPRESS EUROPE INC,FEDERAL EXPRESS EUROPE INC & CO VOF,88
FEDERAL EXPRESS EUROPE INC,FEDEX-FEDERAL EXPRESS EUROPE INC.FI,85
TV LICENCING,TV LICENSING,92
GRAVO OFFSET BV,GRK OFFSET BV,86
PATRY TRAITEUR,AZUR TRAITEUR,81
B & S DIENSTLEISTUNGEN,3B DIENSTLEISTUNG GMBH,81
COMITE D'ORGANISATION,CEP ORGANISATION,81
CAPI-LUX-VAK,CAPI LUX VAK,100
BAUER ITALIA S.P.A.,BINDA ITALIA S.P.A.,83
CONNEXXIONTOURS,CONNEXXION TOURS,97
PLANMARK DEVELOPMENT LIMITED,PLANMARK DEVELOPMENT,83
INAPA BELGIUM NV,FNAC BELGIUM NV,84
INAPA BELGIUM NV,IBM BELGIUM NV,80
CPM NEDERLAND B.V. (FIELD,MIELE NEDERLAND B.V,86
FIEGE GOTH AG,FIEGE GOTH,87
NOLEN VAN DER LIST ADVOCATEN,"STEENHOVEN ADVOCATEN, VAN DER",86
RMS RELOCATION MANAGEMENT SERVICES,RMS RELOCATION SERVICES,81
ART INTERNATIONAL,ADATO INTERNATIONAL,89
ART INTERNATIONAL,CARMA INTERNATIONAL,89
ART INTERNATIONAL,BUPA INTERNATIONAL,86
ART INTERNATIONAL,INTERNATIONAL HOTEL,83
EXHIBITS INTERNATIONAL,EXHIBITS INTERNATIONAL B.V.,92
EXHIBITS INTERNATIONAL,EXHIBITS INTERNATIONAL - AMSTERDAM,81
BRIT HOTEL,ART HOTEL,84
BRIT HOTEL,HOTEL BERLIN,82
BRIT HOTEL,DORINT HOTEL,82
SPRINTS PRINT & EMBROIDERY LTD,SPRINT PRINT & EMBROIDERY,90
ELTEC SYSTEM,SYSTEMS ETC,87
SPORT ECO,HEJO SPORT,84
SPORT ECO,COMSPORT,82
SPORT ECO,GO SPORT,82
SPORT ECO,METRO SPORT,80
D'OFFICE SPRL,MONDOFFICE SRL,81
HOTEL INTERCONTINENTAL,INTERCONTINENTAL - BERLIN,84
HOTEL INTERCONTINENTAL,INTERNATIONAL HOTEL,83
INTERNATIONAL SPORT CULT,INTERNATIONAL SPORT CONSULTANCY,87
GENIX IMAGING LIMITED,GENIX IMAGING LTD,89
CLIFFORD CHANGE PUENDER,CLIFFORD CHANCE PÜNDER,91
COMPENIC BV,COMPENDIUM BV,83
ZEKE DESIGN,LUECKEN DESIGN,80
OCTAGON CIS B.V.,OCTAGON CIS,85
"ESAVE, S.A.","ELSAMEX, S.A.",80
WP SPORT MEDIA,ZPRESS SPORT MEDIA,81
CENTRO COMPUTER SPA,CENTRO COMPUTER S.P.A.,85
EISENFUHR SPEISER AND PARTNER,"EISENFUEHR, SPEISER & PARTNER",91
ADT DEUTSCHLAND GMBH,BAG PRO DEUTSCHLAND GMBH,82
ADT DEUTSCHLAND GMBH,DATAVISION DEUTSCHLAND GMBH,81
ADT DEUTSCHLAND GMBH,HTS DEUTSCHLAND GMBH,80
ADT DEUTSCHLAND GMBH,IBM  DEUTSCHLAND GMBH,80
SEGURGEST,EUREST,80
SEKO WILLIAMS,EDSON WILLIAMS,81
SATIS & FY,SATIS&FY,100
MEDIA MISSION,MEDIA VISION,88
TMP WORLDWIDE,TMP WORLDWIDE LTD,87
BARDUHN JULIA,BRAUN JULIA,83
CPM UNITED KINGDOM UK LTD,GBC (UNITED KINGDON) LTD,81
ECO-EMBALLAGES,ECO EMBALLAGES SA,90
GOLF HOTEL RHEINHESSEN,GOLFCLUB RHEINHESSEN,81
EMAP COMMUNICATIONS LTD,M T COMMUNICATIONS,88
EMAP COMMUNICATIONS LTD,KANE COMMUNICATIONS LTD,87
EMAP COMMUNICATIONS LTD,FREUD COMMUNICATIONS LTD,85
EMAP COMMUNICATIONS LTD,DEE COMMUNICATIONS LIMITED,82
CITY OF WESTMINISTER,CITY  OF WESTMINSTER,97
HOTEL ANTONELLA S.R.L.,HOTEL ANTONELLA SRL,85
SCHELDE INTERNATIONAL BV,REX INTERNATIONAL BV,82
METO UK LIMITED,O2 UK LIMITED,86
METO UK LIMITED,SEIKO UK LIMITED,84
METO UK LIMITED,TWI-UK LIMITED,83
METO UK LIMITED,TNT UK LIMITED,83
PRS EUROPE,RTC EUROPE,80
PRS EUROPE,SBR EUROPE,80
FRANK & BAUER,BAUER FLORIAN,83
GOMEZ-ACEBO AND POMBO,"GOMEZ, ACEBO AND POMBO",100
GOMEZ-ACEBO AND POMBO,GOMEZ ACEBO & POMBO,89
GOMEZ-ACEBO AND POMBO,"GOMEZ, ACEBO & POMBO C.B.",86
AIR FRANCE,BTI FRANCE,80
ELITE SERVICES (ENVIRONMENTAL) LTD,ALBANY ENVIRONMENTAL SERVICES LTD,86
TENON LIMITED,TENPIN LIMITED,89
TENON LIMITED,TENSATOR LIMITED,83
NUS CONSULTING GROUP,DIP CONSULTING GROUP NV,84
MANCHESTER MODEL AGENCY,ANNETTE MODEL AGENCY,84
ESSETRE DI G.F.SCOTTI,ESSETRE DI G. F. SCOTTI,100
BBC WORLDWIDE LIMITED,TMP WORLDWIDE LIMITED,81
CIRCLECULTURE,CC - CIRCLE CULTURE,87
EDM PUBLICATION,EDM PUBLICATIONS,97
EDM PUBLICATION,PG PUBLICATIONS,80
KAISER KRAFT NV,KAISER & KRAFT,89
GOLF MESSE MUENCHEN,MESSE MUENCHEN GMBH,84
ISLAND PACIFIC,ISLAND PACIFIC UK,90
FEDEX-FEDERAL EXPRESS EUROPE INC.FI,FEDERAL EXPRESS EUROPE INC,85
ORB INTERNATIONAL,NOVA INTERNATIONAL,86
ORB INTERNATIONAL,PIRA INTERNATIONAL,86
ORB INTERNATIONAL,TONGE INTERNATIONAL,83
ORB INTERNATIONAL,INTERNATIONAL PAPER,83
AA BUSINESS & TAXISERVICE,AIR BUSINESS SERVICE,84
LONG DISTANCE SARL,LONG DISTANCE,84
KAOS LIMITED,AON LIMITED,87
KAOS LIMITED,AKQA LIMITED,83
KAOS LIMITED,ARESA LIMITED,80
PRICE WATERHOUSE,PRICE WATERHOUSE COOPERS,80
"VM2, VERENIGING",VTWS  VERENIGING,83
DMX MUSIC LTD,DMX MUSIC,82
ADT-SENSOMATIC,SENSORMATIC,80
"SCHLEGEL, CHRISTEL",CHRISTEL SCHLEGEL,100
MAINETTI S.A.,MAINETTI S.P.A.,92
MAINETTI S.A.,MAINETTI,80
GO SPORT,SPORT ECO,82
SOFTWARE SPECTRUM EUROPEAN,SOFTWARE SPECTRUM INC.,81
SOFTWARE SPECTRUM EUROPEAN,SOFTWARE SPECTRUM NETHERLANDS,80
FES GMBH,EQ GMBH,80
BRIDGEND LIMITED PARTNERSHIP,ADP PARTNERSHIP LIMITED,82
TWI-UK LIMITED,TNT UK LIMITED,86
TWI-UK LIMITED,METO UK LIMITED,83
TWI-UK LIMITED,TWI-UK LTD,83
TWI-UK LIMITED,O2 UK LIMITED,81
HERAS NEDERLAND BV,GAK NEDERLAND BV,82
ARESA LIMITED,ATELLA LIMITED,81
ARESA LIMITED,KAOS LIMITED,80
ARESA LIMITED,ITSA LIMITED,80
ARESA LIMITED,AKQA LIMITED,80
PAPA G LIMITED,OPP LIMITED,80
"WEIL, GOTSHAL & MANGES",WEIL GOTSHAL AND MANGES,90
PRICE WATERHOUSE COOPERS,PRICE WATERHOUSE,80
ELITE SECURITE,KENT SECURITE,81
ELITE SECURITE,ALITAIR SECURITE,80
3B DIENSTLEISTUNG GMBH,B & S DIENSTLEISTUNGEN,81
DEE COMMUNICATIONS LIMITED,EMAP COMMUNICATIONS LTD,82
DEE COMMUNICATIONS LIMITED,KANE COMMUNICATIONS LTD,82
DEE COMMUNICATIONS LIMITED,FREUD COMMUNICATIONS LTD,80
EXHIBITS INTERNATIONAL - AMSTERDAM,EXHIBITS INTERNATIONAL,81
"STEENHOVEN ADVOCATEN, VAN DER",NOLEN VAN DER LIST ADVOCATEN,86
AON LIMITED,KAOS LIMITED,87
AON LIMITED,CANON UK LIMITED,81
ECO EMBALLAGES SA,ECO-EMBALLAGES,90
LEE HECHT HARRISON GMBH,LEE HECHT HARRISON,88
VITRA NEDERLAND BV,ORACLE NEDERLAND BV,81
NEWPORT HOTEL EN RESIDENTIAL SUITES,NEWPORT HOTEL & RESIDENTIAL SUITES,96
LUECKEN DESIGN,ZEKE DESIGN,80
THE NPD GROUP INC,THE NCC GROUP,80
WENTZEL SUNE,SUNE WENTZEL,100
PRINTEC GMBH,VITEC GMBH,82
LUTZ BONGEN GMBH,LBM - LUTZ BONGEN GMBH,89
INDUSTRIE-UND HANDELSKAMMER,INDUSTRIE- UND HANDELSKAMMER,100
VIVES VIDAL  VIVESA  SA,"VIVES VIDAL, VIVESA S.A.",93
TANGO DESIGN LIMITED,TANGO DESIGN LTD,89
TANGO DESIGN LIMITED,STORM DESIGN LIMITED,85
GEAC ENTERPRISE SOLUTIONS,LOGICA CMG ENTERPRISE SOLUTIONS,82
EUROPE INFORMATION SERVICE,GE INFORMATION SERVICES,86
ISM ITALIA S.R.L.,CPM ITALIA S.R.L.,88
GRK OFFSET BV,GRAVO OFFSET BV,86
SOFTWARE SPECTRUM INC.,SOFTWARE SPECTRUM GMBH,84
SOFTWARE SPECTRUM INC.,SOFTWARE SPECTRUM EUROPEAN,81
RADISSON SAS HOTEL - KOELN,RADISSON SAS HOTEL,86
MAISON VAN DEN BOER BV,MAISON VAN DEN BOER,93
OCE NEDERLANDSE,NEDERLANDSE ORDE VAN,80
DOXFORD INTERNATIONAL MANAGEMENT,INTERNATIONAL MANAGEMENT FORUM,90
CAPI LUX VAK,CAPI-LUX-VAK,100
SYSTEMS ETC,ELTEC SYSTEM,87
MERCURE HOTEL,MERCURIUS HOTEL,86
INTERCONTINENTAL - BERLIN,HOTEL INTERCONTINENTAL,84
GETTY IMAGES INC,GETTY IMAGES,86
GEE PUBLISHING LTD,GREENLEAF PUBLISHING LTD,86
MIELE NEDERLAND B.V,CPM NEDERLAND B.V. (FIELD,86
MIELE NEDERLAND B.V,DELTA NEDERLAND B.V,84
VTWS  VERENIGING,"VM2, VERENIGING",83
STUDIO LEGALE CHIERICI,STUDIO LEGALE FERRACUTI,80
ENTERPRISE AUTOVERMIETUNG - HAMBURG,ENTERPRISE AUTOVERMIETUNG GMBH,89
ENTERPRISE AUTOVERMIETUNG - HAMBURG,ENTERPRISE AUTOVERMIETUNG,86
ST S.R.L.,XT S.R.L.,88
ST S.R.L.,STAFF S.R.L.,84
ST S.R.L.,S.A.R.T,80
CITY OF SUNDERLAND COLLEGE,CITY OF SUNDERLAND,82
SOFTWARE SPECTRUM GMBH,SOFTWARE SPECTRUM INC.,84
SOFTWARE SPECTRUM GMBH,SRS SOFTWARE GMBH,82
SOCIETA'ITALIANA DEGLI AUTORI ED ED,SOCIETA' IT.DEGLI AUTORI ED EDITORI,84
MARRIOTT HOTEL,MARITIM HOTEL,81
MARRIOTT HOTEL,LISBON MARRIOTT HOTEL,80
BEST COMPANY,BOAT & COMPANY,83
DAUBNEY SERVICES LIMITED,JMU SERVICES LIMITED,82
MONDOFFICE SRL,D'OFFICE SPRL,81
NANI'S CATERING,NANI'S CATERERS,80
"EISENFUEHR, SPEISER & PARTNER",EISENFUHR SPEISER AND PARTNER,91
AIG EUROPE,ACE EUROPE,80
BUSINESS GAS,IKEA BUSINESS,80
HAHN AUTOMOBILE GMBH & CO.,CENTRO AUTOMOBILE GMBH,80
PRIME ASSOCIATES (1995) LIMITED,PTR ASSOCIATES LIMITED,82
CC - CIRCLE CULTURE,CIRCLECULTURE,87
NYS METAALBEDRIJF NV,NYS MONTAGEBEDRIJF NV,83
UPS LTD,VPS LTD,86
STUDIO FOTO 21,STUDIO FOTO 21.,100
ATONCE,@ONCE,80
BAZ GMBH,AMZ GMBH,88
EUROSPORT,METRO SPORT,80
"INSTRONIC 2000, S.L.","INSTRONIC 2000,S.L",100
ZPRESS SPORT MEDIA,WP SPORT MEDIA,81
STEHLIN ET ASSOCIES,STEHLIN AND ASSOCIES.,82
HOTEL BERLIN,BRIT HOTEL,82
NEWPORT HOTEL & RESIDENTIAL SUITES,NEWPORT HOTEL EN RESIDENTIAL SUITES,96
CONDOR DIGITAL MEDIA GMBH,DIGITAL MEDIA GMBH,84
MATEC GMBH,VITEC GMBH,80
SATIS&FY,SATIS & FY,100
HOBERMANN GMBH,HOFMANN GMBH,85
TANGO DESIGN LTD,TANGO DESIGN LIMITED,89
ROMEDIA,AROMEDIA,93
INTERDEAN INTERNATIONAL MOVERS,ATLAS INTERNATIONAL MOVERS,82
NDI MOMENTUM LIMITED,PDP MONMENTUM LIMITED,88
INTERNATIONAL SCHOOL WIESBADEN,INTERNATIONAL SCHOOL SERVICES,81
REED BUSINESS INFORMATION BV,REED BUSINESS INFORMATION S.P.A.,85
ATELLA LIMITED,ARESA LIMITED,81
G.E.L. SHOPFITTERS,P & A SHOPFITTERS,81
IM.TECH SAS DI SERMASI GIUSEPPE & C,IM.TECH S.A.S. DI SERMASI GIUSEPPE,94
STAFF S.R.L.,ST S.R.L.,84
PEST PRO ENVIROMENTAL SERVICES,RMG ENVIROMENTAL SERVICES,84
BEST WESTERN GRAND HOTEL GOOILAND,GRAND HOTEL & THEATER GOOILAND,82
FIEGE GOTH,FIEGE GOTH AG,87
FIEGE GOTH,FIEGE GOTH NV,87
"BUMA, VERENIGING",BUMA VERENIGING,100
HTS DEUTSCHLAND GMBH,STAPLES DEUTSCHLAND GMBH,86
HTS DEUTSCHLAND GMBH,UUNET DEUTSCHLAND GMBH,86
HTS DEUTSCHLAND GMBH,IBM  DEUTSCHLAND GMBH,85
HTS DEUTSCHLAND GMBH,IKEA DEUTSCHLAND GMBH,83
HOTEL CARLTON,ART HOTEL,82
AZUR TRAITEUR,PATRY TRAITEUR,81
CANAL PUBLICITE,OPAL PUBLICITE,83
RUN2DAY ROTTERDAM,RUN2DAY AMSTERDAM,82
AU STUDIO,STUDIO 5,82
APTUS PERSONNEL,HAYS PERSONNEL,83
PRINTING PEOPLE,PNO PRINTING,81
TV LICENSING,TV LICENCING,92
ALES,ALLES,89
LA POSTE,POSTE   LA,100
NEDERLANDSE ORDE VAN,OCE NEDERLANDSE,80
INTERNATIONAL SPORT CONSULTANCY,INTERNATIONAL SPORT CULT,87
EQ GMBH,EHI GMBH,80
EQ GMBH,FES GMBH,80
ATLAS INTERNATIONAL MOVERS,INTERDEAN INTERNATIONAL MOVERS,82
HEATON STATIONERY LIMITED,HSL HEATON STATIONARY LTD.,80
PRAGMA SOFTWARE,HRM SOFTWARE,81
IBM  DEUTSCHLAND GMBH,IKEA DEUTSCHLAND GMBH,88
IBM  DEUTSCHLAND GMBH,HTS DEUTSCHLAND GMBH,85
IBM  DEUTSCHLAND GMBH,UUNET DEUTSCHLAND GMBH,81
IBM  DEUTSCHLAND GMBH,ADT DEUTSCHLAND GMBH,80
BRAUN JULIA,BARDUHN JULIA,83
"CERRAJERIA COMAS, S.A.",CERRAJERIA COMAS S.A.,100
KOCH ENTSORGUNG GMBH & CO. KG,WAGNER ENTSORGUNG GMBH & CO. KG,81
HOFMANN GMBH,HOBERMANN GMBH,85
HOFMANN GMBH,HOPAN GMBH,82
IKEA ITALIA RETAIL SRL,IKEA ITALIA RETAIL S.R.L.,87
DELOITTE,DELAMOTTE,82
UNIPAK (UK),UNIPAK UK LTD,82
AMET,AMETRA,80
AMET,AMETIF,80
POINTER LIMITED,NPOWER LIMITED,83
POINTER LIMITED,LINAKER LIMITED,80
NPOWER,MANPOWER,86
HEXFAX LIMITED,LEAX LIMITED,85
FRANCESC ROS FUSTERIA DECORACIO,"FRANCESC ROS FUSTERIA DECORACIO, S.",97
INTERNATIONAL PAPER,PIRA INTERNATIONAL,86
INTERNATIONAL PAPER,ORB INTERNATIONAL,83
INTERNATIONAL PAPER,SUN PARKS INTERNATIONAL,81
INTERNATIONAL PAPER,NOVA INTERNATIONAL,81
GENIX IMAGING LTD,GENIX IMAGING LIMITED,89
GENIX IMAGING LTD,GENIX IMAGING,87
DPD GERMANY GMBH & CO. KG,DPD GERMANY WEST GMBH & CO. KG,90
DUTCH HOUSING CENTRE B.V.,DUTCH HOUSING CENTRE BV,94
DUTCH HOUSING CENTRE B.V.,DUTCH HOUSING CENTR,88
ELECTROSONIC LTD,ELECTRIC LTD,86
CLIFFORD CHANCE,CLIFFORD CHANCE LTD.,88
CLIFFORD CHANCE,CLIFFORD CHANCE PÜNDER,83
GAK NEDERLAND BV,HERAS NEDERLAND BV,82
GAK NEDERLAND BV,CANAL+ NEDERLAND BV,82
HRM SOFTWARE,PRAGMA SOFTWARE,81
FEDEX FEDERAL EXPRESS,FEDERAL EXPRESS,83
ROSIE LEHNER,ROSIE LEE,86
STANDAARD BOEKHANDEL NV,STANDAARD BOEKHANDEL,93
LOGICA CMG ENTERPRISE SOLUTIONS,GEAC ENTERPRISE SOLUTIONS,82
"CARITJ PRAT GRUP, S.L.","CARITJ PRAT GRUP, S.L.I.R.M.",87
A & R SPORTS,ALL:SPORTS,80
BUNGALOWPARK DE EGELSHOEK BV,"EGELSHOEK BUNGALOWPARK, DE",94
CENTROTECMAN S.R.L.,INTERTECMAN S.R.L.,86
KAROL MARKETING LIMITED,FUSE MARKETING LIMITED,80
CERRAJERIA COMAS S.A.,"CERRAJERIA COMAS, S.A.",100
PG PUBLICATIONS,EDM PUBLICATIONS,84
PG PUBLICATIONS,EDM PUBLICATION,80
SEPRIC MANAGEMENT,FX MANAGEMENT SERVICES,82
"FRANCESC ROS FUSTERIA DECORACIO, S.",FRANCESC ROS FUSTERIA DECORACIO,97
GRAND HOTEL & THEATER GOOILAND,BEST WESTERN GRAND HOTEL GOOILAND,82
TENPIN LIMITED,TENON LIMITED,89
KOCIAN SOLC BALASTIK,KOLCIAN SOLC BALASTIK,98
ADT FIRE & SECURITY,ADT FIRE AND SECURITY PLC,81
TELEFOONGIDS MEDIA,TELEFOONGIDS MEDIA BV,92
CONNEXXION TOURS,CONNEXXIONTOURS,97
BUMA VERENIGING,"BUMA, VERENIGING",100
GOMEZ ACEBO ABOGADOS,"GOMEZ-ACEBO & POMBO, ABOGADOS, S.C.",80
DELTA NEDERLAND B.V,MIELE NEDERLAND B.V,84
MINT INSTALLATIONS LTD,LARKIN INSTALLATIONS,81
CHIPMAN INTERNATIONAL,CARMA INTERNATIONAL,85
CHIPMAN INTERNATIONAL,BUPA INTERNATIONAL,82
INDUSTRIE- UND HANDELSKAMMER,INDUSTRIE-UND HANDELSKAMMER,100
INTERTECMAN S.R.L.,CENTROTECMAN S.R.L.,86
NYS MONTAGEBEDRIJF NV,NYS METAALBEDRIJF NV,83
DELAMOTTE,DELOITTE,82
ECOM SERVICES NV,CONDI-SERVICES,80
RTC EUROPE,RTC EUROPE LTD,83
RTC EUROPE,PRS EUROPE,80
RTC EUROPE,SBR EUROPE,80
IKEA BUSINESS,BUSINESS GAS,80
MAINETTI BV,MAINETTI,84
BUREAU VERTIAS,BUREAU VERITAS,93
MTL - MOEBEL TRANSPORT LAGERSERVICE,MOBEL TRANSPORT LAGERSERVICE GMBH,85
PLANMARK DEVELOPMENT,PLANMARK DEVELOPMENT LIMITED,83
ALITAIR SECURITE,ELITE SECURITE,80
MANPOWER,NPOWER,86
MANPOWER,MANPOWER PLC,80
SUNE WENTZEL,WENTZEL SUNE,100
OPP LIMITED,PAPA G LIMITED,80
UNITED PARCEL SERVICE,UNITED PARCEL SERVICE ITALIA,86
AKQA LTD,AKQA LIMITED,80
"WHITE AND CASE, FEDDERSEN","WHITE, CASE & FEDDERSEN",91
M-R-S COMMUNICATIONS LTD,SPIN COMMUNICATIONS LTD,85
M-R-S COMMUNICATIONS LTD,SIEMENS COMMUNICATIONS LTD,84
M-R-S COMMUNICATIONS LTD,"SPIN COMUNICATIONS, LTD",83
M-R-S COMMUNICATIONS LTD,M T COMMUNICATIONS,81
MAINETTI S.P.A.,MAINETTI S.A.,92
ORACLE NEDERLAND BV,VITRA NEDERLAND BV,81
HARRISON & JOHNSON,JOHN HARRIS,81
IF SOLUTIONS LTD,IF SOLUTIONS LIMITED,89
ADATO INTERNATIONAL,ART INTERNATIONAL,89
ADATO INTERNATIONAL,DATACOLOR INTERNATIONAL,86
ADATO INTERNATIONAL,CARMA INTERNATIONAL,84
ADATO INTERNATIONAL,BUPA INTERNATIONAL,81
FEDERAL EXPRESS EUROPE INC & CO VOF,FEDERAL EXPRESS EUROPE INC,88
"GOMEZ, ACEBO & POMBO C.B.",GOMEZ ACEBO & POMBO,89
"GOMEZ, ACEBO & POMBO C.B.","GOMEZ, ACEBO AND POMBO",86
"GOMEZ, ACEBO & POMBO C.B.",GOMEZ-ACEBO AND POMBO,86
ARNO FORDS LTD,ARNO FORDS,83
EDM - EUROPEAN DECISION MAKER,EUROPEAN DECISION MAKER,92
CHRIS KAY,CHRIS KAY LTD,82
AUTREMENT PRODUCTION EVTS,AUTREMENT PRODUCTION D'EVENEMENTS,86
LEE HECHT HARRISON,LEE HECHT HARRISON GMBH,88
IKEA DEUTSCHLAND GMBH,IBM  DEUTSCHLAND GMBH,88
IKEA DEUTSCHLAND GMBH,UUNET DEUTSCHLAND GMBH,84
IKEA DEUTSCHLAND GMBH,HTS DEUTSCHLAND GMBH,83
IKEA DEUTSCHLAND GMBH,STAPLES DEUTSCHLAND GMBH,80
ALL:SPORTS,A & R SPORTS,80
INTERNATIONAL HOTEL,EL INTERNATIONALE,89
INTERNATIONAL HOTEL,ART INTERNATIONAL,83
INTERNATIONAL HOTEL,HOTEL INTERCONTINENTAL,83
ITS INTERTEK TESTING SERVICES,INTERTEK TESTING SERVICES,93
STAPLES DEUTSCHLAND GMBH,HTS DEUTSCHLAND GMBH,86
STAPLES DEUTSCHLAND GMBH,IKEA DEUTSCHLAND GMBH,80
"ELSAMEX, S.A.","ESAVE, S.A.",80
FIEGE GOTH NV,FIEGE GOTH,87
JOURNAUX OFFICIELS,JOURNAL OFFICIEL,88
INTEGRA COMUNICACION GLOBAL S.L,"INTEGRA COMUNICACION GLOBAL, S.L.",100
INTO LIGHTING DESIGN,INTO LIGHTING DESIGN LIMITED,83
FREUD COMMUNICATIONS LTD,EMAP COMMUNICATIONS LTD,85
FREUD COMMUNICATIONS LTD,KANE COMMUNICATIONS LTD,85
FREUD COMMUNICATIONS LTD,M T COMMUNICATIONS,81
FREUD COMMUNICATIONS LTD,DEE COMMUNICATIONS LIMITED,80
OCTAGON CIS,OCTAGON CIS B.V.,85
STANDAARD BOEKHANDEL,STANDAARD BOEKHANDEL NV,93
VIDAL ASSOCIATES,HDC ASSOCIATES,80
AIR BUSINESS SERVICE,AA BUSINESS & TAXISERVICE,84
INTERNATIONAL SCHOOL SERVICES,INTERNATIONAL SCHOOL WIESBADEN,81
KANE COMMUNICATIONS LTD,EMAP COMMUNICATIONS LTD,87
KANE COMMUNICATIONS LTD,FREUD COMMUNICATIONS LTD,85
KANE COMMUNICATIONS LTD,M T COMMUNICATIONS,83
KANE COMMUNICATIONS LTD,DEE COMMUNICATIONS LIMITED,82
ART HOTEL,BRIT HOTEL,84
ART HOTEL,HOTEL CARLTON,82
TMP WORLDWIDE LIMITED,TMP WORLDWIDE LTD,89
TMP WORLDWIDE LIMITED,BBC WORLDWIDE LIMITED,81
UUNET DEUTSCHLAND GMBH,HTS DEUTSCHLAND GMBH,86
UUNET DEUTSCHLAND GMBH,IKEA DEUTSCHLAND GMBH,84
UUNET DEUTSCHLAND GMBH,IBM  DEUTSCHLAND GMBH,81
SCHILLEBEECKX A BVBA,SCHILLEBEEKX NV,80
@ONCE,ATONCE,80
DRURY COMMUNICATIONS,PURE COMMUNICATIONS,87
DRURY COMMUNICATIONS,MDS COMMUNICATION,81
"TELEFONICA DATA ESPAÑA, S.A.",TELEFONICA DE ESPAÑA,82
AVC SERVICE GMBH,ELTEC - SERVICE GMBH,82
PRODEA SRL,PRODEA  SRL,100
"VIVES VIDAL, VIVESA S.A.",VIVES VIDAL  VIVESA  SA,93
CITY  OF WESTMINSTER,CITY OF WESTMINISTER,97
ALBANY ENVIRONMENTAL SERVICES LTD,ELITE SERVICES (ENVIRONMENTAL) LTD,86
ALBANY ENVIRONMENTAL SERVICES LTD,AM ENVIROMENTAL SERVICES,81
CARMA INTERNATIONAL,ART INTERNATIONAL,89
CARMA INTERNATIONAL,CHIPMAN INTERNATIONAL,85
CARMA INTERNATIONAL,ADATO INTERNATIONAL,84
CARMA INTERNATIONAL,CVS INTERNATIONAL,83
FEDERAL EXPRESS GMBH,FEDERAL EXPRESS,86
EUROPEAN DECISION MAKER,EDM - EUROPEAN DECISION MAKER,92
HOTEL LAPERSHOEK,LAPERSHOEK HOTEL,100
RENTOKIL INITIAL GMBH,RENTOKIL INITIAL,86
REED BUSINESS INFORMATION S.P.A.,REED BUSINESS INFORMATION BV,85
HAUFE SERVICE GMBH,HAUFE SERVICE CENTER GMBH,84
MS&L GMBH,MMS GMBH,82
MS&L GMBH,MPS GMBH,82
TMP WORLDWIDE LTD,TMP WORLDWIDE LIMITED,89
TMP WORLDWIDE LTD,TMP WORLDWIDE,87
ESSETRE DI G. F. SCOTTI,ESSETRE DI G.F.SCOTTI,100
DMX MUSIC,DMX MUSIC LTD,82
GOMEZ ACEBO & POMBO,"GOMEZ, ACEBO AND POMBO",89
GOMEZ ACEBO & POMBO,GOMEZ-ACEBO AND POMBO,89
GOMEZ ACEBO & POMBO,"GOMEZ, ACEBO & POMBO C.B.",89
BAG PRO DEUTSCHLAND GMBH,ADT DEUTSCHLAND GMBH,82
BAG PRO DEUTSCHLAND GMBH,POWWOW DEUTSCHLAND GMBH,81
ERNST WAGNER GMBH & CO. KG,WAGNER ENTSORGUNG GMBH & CO. KG,82
NCR LIMITED,NPOWER LIMITED,80
HSL HEATON STATIONARY LTD.,HEATON STATIONERY LIMITED,80
DIP CONSULTING GROUP NV,NUS CONSULTING GROUP,84
DPD GERMANY WEST GMBH & CO. KG,DPD GERMANY GMBH & CO. KG,90
GENIX IMAGING,GENIX IMAGING LTD,87
CHRIS KAY LIMITED,CHRIS KAY LTD,87
LONG DISTANCE,LONG DISTANCE SARL,84
LARKIN INSTALLATIONS,MINT INSTALLATIONS LTD,81
LARKIN INSTALLATIONS,RYSTAN INSTALLATIONS,80
TWI-UK LTD,TWI-UK LIMITED,83
DORINT HOTEL,BRIT HOTEL,82
EDM PUBLICATIONS,EDM PUBLICATION,97
EDM PUBLICATIONS,PG PUBLICATIONS,84
BUREAU VERITAS,BUREAU VERTIAS,93
EDSON WILLIAMS,SEKO WILLIAMS,81
BAUER FLORIAN,FRANK & BAUER,83
KEY SECURITY SYSTEMS,1001 SECURITY SYSTEMS,83
LISBON MARRIOTT HOTEL,MARRIOTT HOTEL,80
MM FOTODESIGN - MARCUS MUELLER,FOTODESIGN - MARCUS MUELLER,94
CREATIVE CONNECTIONS,CREATIVE TRAVEL CONNECTIONS,85
MMS GMBH,MPS GMBH,88
MMS GMBH,MS&L GMBH,82
INSTRON,INS TRONIC,82
IF SOLUTIONS LIMITED,IF SOLUTIONS LTD,89
IF SOLUTIONS LIMITED,QTAC SOLUTIONS LIMITED,81
ELTEC - SERVICE GMBH,AVC SERVICE GMBH,82
DIGITAL MEDIA GMBH,CONDOR DIGITAL MEDIA GMBH,84
GIMAR S.R.L.,ART S.R.L.,80
SUPER DESIGN LIMITED,STORM DESIGN LIMITED,85
MPS GMBH,PSB GMBH,88
MPS GMBH,MMS GMBH,88
MPS GMBH,MS&L GMBH,82
HEJO SPORT,SPORT ECO,84
MEDI CENTRE,MEDIA CENTER,87
"GOMEZ-ACEBO & POMBO ABOGADOS, S.C.P","GOMEZ-ACEBO & POMBO, ABOGADOS, S.C.",97
DATA PROTECTION,3 PROTECTION,81
CPM ITALIA S.R.L.,ISM ITALIA S.R.L.,88
CPM ITALIA S.R.L.,DRYCE ITALIA S.R.L.,82
CPM ITALIA S.R.L.,CPM ITALIA SRL,80
ENTERPRISE AUTOVERMIETUNG - BERLIN,ENTERPRISE AUTOVERMIETUNG,88
ENTERPRISE AUTOVERMIETUNG - BERLIN,ENTERPRISE AUTOVERMIETUNG GMBH,81
ARTILLUS ILLUMINATING SOLUTIONS LTD,ARTILLUS ILLUMINATING SOLUTIONS,94
IM.TECH S.A.S. DI SERMASI GIUSEPPE,IM.TECH SAS DI SERMASI GIUSEPPE & C,94
FX MANAGEMENT SERVICES,EMERSON MANAGEMENT SERVICES,82
FX MANAGEMENT SERVICES,SEPRIC MANAGEMENT,82
COMPASS ITALIA SRL,CPM ITALIA SRL,81
NIRVANA SOLUTIONS LIMITED,QTAC SOLUTIONS LIMITED,81
REX INTERNATIONAL BV,SCHELDE INTERNATIONAL BV,82
REX INTERNATIONAL BV,EL INTERNATIONALE,81
REX INTERNATIONAL BV,ORB INTERNATIONAL,81
REX INTERNATIONAL BV,CVS INTERNATIONAL,81
ITSA LIMITED,ARESA LIMITED,80
SLA ORGANISATION,OSCAR ORGANISATION,88
HANSCOMB (UK) LIMITED,CANON UK LIMITED,80
SPIN COMMUNICATIONS LTD,"SPIN COMUNICATIONS, LTD",98
SPIN COMMUNICATIONS LTD,SIEMENS COMMUNICATIONS LTD,90
SPIN COMMUNICATIONS LTD,M-R-S COMMUNICATIONS LTD,85
SPIN COMMUNICATIONS LTD,SPIE COMMUNICATION,83
MEDIA CENTER,MEDI CENTRE,87
CVS INTERNATIONAL,CARMA INTERNATIONAL,83
CVS INTERNATIONAL,EL INTERNATIONALE,82
CVS INTERNATIONAL,ART INTERNATIONAL,82
CVS INTERNATIONAL,REX INTERNATIONAL BV,81
STACI,SACI,89
TENSATOR LIMITED,TENON LIMITED,83
"TELEFONICA MOVILES ESPAÑA, S.A.",TELEFONICA MOVILES ESPAÑA,92
HODSON ASSOCIATES,HDC ASSOCIATES,84
CANAL+ NEDERLAND BV,GAK NEDERLAND BV,82
ARNO FORDS,ARNO FORDS LTD,83
LINAKER LIMITED,POINTER LIMITED,80
SPENCE & ASSOCIATES,SPENCE ASSOCIATES,100
MARITIM HOTEL KOELN,MARITIM HOTEL,81
C.F.M. SRL,C.D.M. SRL,89
MG TRANSPORTS,MSM TRANSPORTS,89
RENTOKIL INITIAL,RENTOKIL INITIAL GMBH,86
DATAVISION DEUTSCHLAND GMBH,ADT DEUTSCHLAND GMBH,81
RADISSON SAS HOTEL,RADISSON SAS HOTEL - KOELN,86
JOURNAL OFFICIEL,JOURNAUX OFFICIELS,88
MAISON VAN DEN BOER,MAISON VAN DEN BOER BV,93
OSCAR ORGANISATION,SLA ORGANISATION,88
BULLETIN INTERNATIONAL,BUPA INTERNATIONAL,80
"ARTIVIDRIO,S.A.","ARTIVIDRIO, S.A.",100
MDS COMMUNICATION,SPIE COMMUNICATION,86
MDS COMMUNICATION,M T COMMUNICATIONS,86
MDS COMMUNICATION,DRURY COMMUNICATIONS,81
MDS COMMUNICATION,360 COMMUNICATIONS,80
OPAL PUBLICITE,CANAL PUBLICITE,83
TELEFONICA MOVILES ESPAÑA,"TELEFONICA MOVILES ESPAÑA, S.A.",92
RYSTAN INSTALLATIONS,LARKIN INSTALLATIONS,80
GOLFCLUB RHEINHESSEN,GOLF HOTEL RHEINHESSEN,81
LAPERSHOEK HOTEL,HOTEL LAPERSHOEK,100
STUDIO FOTO 21.,STUDIO FOTO 21,100
RMG ENVIROMENTAL SERVICES,AM ENVIROMENTAL SERVICES,86
RMG ENVIROMENTAL SERVICES,PEST PRO ENVIROMENTAL SERVICES,84
KENT SECURITE,ELITE SECURITE,81
RTC EUROPE LTD,RTC EUROPE,83
SNOW + ROCK,SNOW & ROCK,100
AMERICAN CHAMBER OF COMMERCE/EUROPE,AMERICAN CHAMBER OF COMMERCE,89
SACI,STACI,89
ACE EUROPE,APCO EUROPE,86
ACE EUROPE,AIG EUROPE,80
POSTE   LA,LA POSTE,100
AKQA LIMITED,KAOS LIMITED,83
AKQA LIMITED,ARESA LIMITED,80
AKQA LIMITED,AKQA LTD,80
MAINETTI,MAINETTI BV,84
MAINETTI,MAINETTI S.A.,80
GETTY IMAGES,GETTY IMAGES INC,86
POWWOW DEUTSCHLAND GMBH,BAG PRO DEUTSCHLAND GMBH,81
NOVA INTERNATIONAL,ORB INTERNATIONAL,86
NOVA INTERNATIONAL,PIRA INTERNATIONAL,83
NOVA INTERNATIONAL,TONGE INTERNATIONAL,81
NOVA INTERNATIONAL,INTERNATIONAL PAPER,81
ADT TELESURVEILLANCE,PERIN TELESURVEILLANCE,81
EUROPEAN COMMUNICATION PROJECTS BV,EUROPEAN COMMUNICATION PROJECTS,95
THE NCC GROUP,THE NPD GROUP INC,80
FM MEDIA,FIT MEDIA,82
ROSIE LEE,ROSIE LEHNER,86
ERLACH KLAINGUTI STETTLER WILLE,CMS VON ERLACH KLAINGUTI STETTLER W,82
RMS RELOCATION SERVICES,RMS RELOCATION MANAGEMENT SERVICES,81
RUN2DAY AMSTERDAM,RUN2DAY ROTTERDAM,82
CENTRO COMPUTER S.P.A.,CENTRO COMPUTER SPA,85
SBR EUROPE,PRS EUROPE,80
SBR EUROPE,RTC EUROPE,80
VPS LTD,UPS LTD,86
STEHLIN AND ASSOCIES.,STEHLIN ET ASSOCIES,82
MUNDOCOM INTERNATIONAL,NOVA INTERNATIONAL,80
DUTCH HOUSING CENTRE BV,DUTCH HOUSING CENTRE B.V.,94
DUTCH HOUSING CENTRE BV,DUTCH HOUSING CENTR,90
INSTITUTE OF SOCIAL & ETHICAL ACC/A,INSTITUTE OF SOCIAL AND ETHICAL,91
SYMONDS GROUP LIMITED,SYMONDS GROUP LTD,89
INSTITUTE OF SOCIAL AND ETHICAL,INSTITUTE OF SOCIAL & ETHICAL ACC/A,91
INTERNATIONAL UP! MODELOS,MODELLE INTERNATIONAL,84
CITY OF SUNDERLAND,CITY OF SUNDERLAND COLLEGE,82
ADP PARTNERSHIP LIMITED,BRIDGEND LIMITED PARTNERSHIP,82
FNAC BELGIUM NV,INAPA BELGIUM NV,84
CTOP EUROPE,APCO EUROPE,82
MERCURIUS HOTEL,MERCURE HOTEL,86
COMPENDIUM BV,COMPENIC BV,83
SPRINT PRINT & EMBROIDERY,SPRINTS PRINT & EMBROIDERY LTD,90
TELEFONICA DE ESPAÑA,"TELEFONICA DATA ESPAÑA, S.A.",82
AUTOHAUS EULER GMBH,AUTOHAUS BOESNER GMBH,85
TELEFOONGIDS MEDIA BV,TELEFOONGIDS MEDIA,92
JMU SERVICES LIMITED,DAUBNEY SERVICES LIMITED,82
PTR ASSOCIATES LIMITED,JTC ASSOCIATES LIMITED,82
PTR ASSOCIATES LIMITED,PRIME ASSOCIATES (1995) LIMITED,82
PERIN TELESURVEILLANCE,ADT TELESURVEILLANCE,81
MODELLE INTERNATIONAL,INTERNATIONAL UP! MODELOS,84
MODELLE INTERNATIONAL,TONGE INTERNATIONAL,80
STUDIO LEGALE ASSOCIATO CIRILLO,STUDIO LEGALE ASSOCIATO,85
C.D.M. SRL,C.F.M. SRL,89
PIRA INTERNATIONAL,ORB INTERNATIONAL,86
PIRA INTERNATIONAL,INTERNATIONAL PAPER,86
PIRA INTERNATIONAL,NOVA INTERNATIONAL,83
WAGNER ENTSORGUNG GMBH & CO. KG,ERNST WAGNER GMBH & CO. KG,82
WAGNER ENTSORGUNG GMBH & CO. KG,KOCH ENTSORGUNG GMBH & CO. KG,81
KAISER & KRAFT,KAISER KRAFT NV,89
AUTOHAUS BOESNER GMBH,AUTOHAUS EULER GMBH,85
CED COMMUNICATION EVENTS DESIGN SRL,CED COMMUNICATION EVENTS DESIGN,94
LEAX LIMITED,HEXFAX LIMITED,85
LEAX LIMITED,ARESA LIMITED,80
AMETRA,AMET,80
HAAGEN & PARTNERS,HAAGEN PARTNERS,100
CARE & HEALTH INTERNATIONAL,CARMA INTERNATIONAL,82
CARE & HEALTH INTERNATIONAL,ART INTERNATIONAL,81
DTH ORGANISATION,CEP ORGANISATION,81
MOBEL TRANSPORT LAGERSERVICE GMBH,MTL - MOEBEL TRANSPORT LAGERSERVICE,85
ANNETTE MODEL AGENCY,MANCHESTER MODEL AGENCY,84
LIQUID MEDIA S.L.,"LIQUID MEDIA, S.L.",100
TNT UK LIMITED,TWI-UK LIMITED,86
TNT UK LIMITED,METO UK LIMITED,83
TNT UK LIMITED,O2 UK LIMITED,81
APCO EUROPE,ACE EUROPE,86
APCO EUROPE,CTOP EUROPE,82
3 PROTECTION,DATA PROTECTION,81
CHRISTEL SCHLEGEL,"SCHLEGEL, CHRISTEL",100
STUDIO LEGALE MONDINI-RUSCONI ASS.P,STUDIO LEGALE MONDINI RUSCONI,91
DRYCE ITALIA S.R.L.,CPM ITALIA S.R.L.,82
ALLES,ALES,89
PDP MONMENTUM LIMITED,NDI MOMENTUM LIMITED,88
SOCIETA' IT.DEGLI AUTORI ED EDITORI,SOCIETA'ITALIANA DEGLI AUTORI ED ED,84
FOTODESIGN - MARCUS MUELLER,MM FOTODESIGN - MARCUS MUELLER,94
STUDIO LEGALE FERRACUTI,STUDIO LEGALE CHIERICI,80
INTERNATIONAL MANAGEMENT FORUM,DOXFORD INTERNATIONAL MANAGEMENT,90
TNT INTERNATIONAL            D,TONGE INTERNATIONAL,84
TNT INTERNATIONAL            D,NOVA INTERNATIONAL,81
GE INFORMATION SERVICES,EUROPE INFORMATION SERVICE,86
ROTULOS AYLLON S.A.,"ROTULOS AYLLON,S.A.",100
"BORRIAS GROUP, DE",DE BORRIAS GROEP,94
AMETIF,AMET,80
S.A.R.T,ST S.R.L.,80
S.A.R.T,XT S.R.L.,80
STUDIO LEGALE ASSOCIATO,STUDIO LEGALE ASSOCIATO CIRILLO,85
CMS VON ERLACH KLAINGUTI STETTLER W,ERLACH KLAINGUTI STETTLER WILLE,82
MESSE MUENCHEN GMBH,GOLF MESSE MUENCHEN,84
AM ENVIROMENTAL SERVICES,RMG ENVIROMENTAL SERVICES,86
AM ENVIROMENTAL SERVICES,ALBANY ENVIRONMENTAL SERVICES LTD,81
GREENLEAF PUBLISHING LTD,GEE PUBLISHING LTD,86
ISLAND PACIFIC UK,ISLAND PACIFIC,90
ELECTRIC LTD,ELECTROSONIC LTD,86
ENTERPRISE AUTOVERMIETUNG GMBH,ENTERPRISE AUTOVERMIETUNG,91
ENTERPRISE AUTOVERMIETUNG GMBH,ENTERPRISE AUTOVERMIETUNG - HAMBURG,89
ENTERPRISE AUTOVERMIETUNG GMBH,ENTERPRISE AUTOVERMIETUNG - BERLIN,81
CANON UK LIMITED,AON LIMITED,81
CANON UK LIMITED,HANSCOMB (UK) LIMITED,80
AUTREMENT PRODUCTION D'EVENEMENTS,AUTREMENT PRODUCTION EVTS,86
SPIE COMMUNICATION,PURE COMMUNICATIONS,86
SPIE COMMUNICATION,MDS COMMUNICATION,86
SPIE COMMUNICATION,SPIN COMMUNICATIONS LTD,83
SPIE COMMUNICATION,"SPIN COMUNICATIONS, LTD",80
UNIPAK UK LTD,UNIPAK (UK),82
XT S.R.L.,ST S.R.L.,88
XT S.R.L.,S.A.R.T,80
CREATIVE TRAVEL CONNECTIONS,CREATIVE CONNECTIONS,85
HOTEL ANTONELLA SRL,HOTEL ANTONELLA S.R.L.,85
"LIQUID MEDIA, S.L.",LIQUID MEDIA S.L.,100
PRODEA  SRL,PRODEA SRL,100
EUREST,SEGURGEST,80
"SPIN COMUNICATIONS, LTD",SPIN COMMUNICATIONS LTD,98
"SPIN COMUNICATIONS, LTD",SIEMENS COMMUNICATIONS LTD,88
"SPIN COMUNICATIONS, LTD",M-R-S COMMUNICATIONS LTD,83
"SPIN COMUNICATIONS, LTD",SPIE COMMUNICATION,80
ART S.R.L.,GIMAR S.R.L.,80
P & A SHOPFITTERS,G.E.L. SHOPFITTERS,81
M T COMMUNICATIONS,EMAP COMMUNICATIONS LTD,88
M T COMMUNICATIONS,MDS COMMUNICATION,86
M T COMMUNICATIONS,KANE COMMUNICATIONS LTD,83
M T COMMUNICATIONS,KYMACK COMMUNICATIONS,82
JB SPORTS MARKETING AG,A & S SPORTS MARKETING,86
AROMEDIA,ROMEDIA,93
POULIS HONTELE,POULIS HONTELE BV,90
